"eDNA_code","qpcr_16s_ml","quantit_ng_ml","qmiseq_total_ml","qmiseq_16s_ml","std_16s_r2","std_16s_coef","miseq_16s_reads","plot","sample_nc"
"17_0522_1",16892440,12.01204549,2442606,2242389,0.990019727,0.010766792,7243,1,"sample"
"17_0524_1",6960773.333,16.88726506,2521915,2000481,0.9762471,0.009546038,5729,1,"sample"
"17_0525_1",5313090,29.96060142,4452513,2814317,0.981593507,0.00820566,6928,1,"sample"
"17_0526_1",12196670,12.29562491,2478147,1883990,0.986477813,0.009586038,5418,1,"sample"
"17_0527_1",5821936.667,11.70799886,4711516,657236,0.98424232,0.032104151,6330,1,"sample"
"17_0528_1",2435638.333,24.90205427,4460469,377631,0.986518599,0.046112075,5224,1,"sample"
"17_0529_1",15575480,4.552626913,3291508,477500,0.983903536,0.035371698,5067,1,"sample"
"17_0530_1",11114820,10.26586795,2312863,766080,0.985223311,0.032681509,7511,1,"sample"
"17_0531_1",16440628.33,7.858157207,1459951,610790,0.972021382,0.023144906,4241,1,"sample"
"17_0601_1",3900761.667,10.83518349,3268465,831622,0.987336087,0.019151321,4778,1,"sample"
"17_0602_1",12735618.33,10.95707998,2279448,845380,0.969720392,0.018883019,4789,1,"sample"
"17_0603_1",3284570,30.91075825,9139292,2249082,0.98365788,0.01452,9797,1,"sample"
"17_0604_1",6207958.333,6.50548123,1003764,458158,0.987063508,0.050543019,6947,1,"sample"
"17_0605_1",6648718.333,6.751743353,1804682,927483,0.987085496,0.027867547,7754,1,"sample"
"17_0606_1",12701473.33,8.34897137,2133135,1665651,0.980868788,0.021363019,10675,1,"sample"
"17_0607_1",6714526.667,6.279615367,1340310,788425,0.986446757,0.035437736,8382,1,"sample"
"17_0608_1",5714643.333,4.79824709,1025238,628030,0.988688325,0.036829434,6939,1,"sample"
"17_0609_1",4520700,4.592092527,1318660,1079840,0.982812013,0.029220377,9466,1,"sample"
"17_0610_1",6978658.333,5.230846573,1779271,1520042,0.984003303,0.02071434,9446,1,"sample"
"17_0611_1",17986196.67,6.83379898,1687980,1385450,0.982023902,0.018343019,7624,1,"sample"
"17_0612_1",14799266.67,2.587193587,490131,463297,0.991350369,0.053975472,7502,1,"sample"
"17_0613_1",30572881.67,7.592062023,2047821,2007568,0.984401611,0.019404906,11687,1,"sample"
"17_0614_1",15964491.67,7.448710797,2104048,2066667,0.981183809,0.016317736,10117,1,"sample"
"17_0615_1",20320806.67,12.09308762,2413474,2364926,0.986354892,0.021201509,15042,1,"sample"
"17_0616_1",26859095,9.899474193,2652963,2601700,0.98502091,0.020566038,16052,1,"sample"
"17_0617_1",26024063.33,10.79454351,2429574,2389690,0.979025389,0.016900377,12116,1,"sample"
"17_0618_1",39537575,7.87861915,2630035,2595319,0.986692916,0.017300377,13470,1,"sample"
"17_0619_1",145490646.7,18.36837011,4489154,4408270,0.982947151,0.010321509,13650,1,"sample"
"17_0620_1",47759478.33,9.30850485,2799799,2758676,0.987665536,0.017476981,14464,1,"sample"
"17_0621_1",47257913.33,7.858157207,2748028,2687161,0.991406272,0.019563396,15771,1,"sample"
"17_0622_1",45923253.33,9.02291368,1771293,1691543,0.986724363,0.021103019,10709,1,"sample"
"17_0623_1",27420460,5.169073597,708539,675651,0.993405829,0.058546038,11867,1,"sample"
"17_0624_1",10540863.33,5.21025658,1579111,1435963,0.985994838,0.027303396,11762,1,"sample"
"17_0625_1",9187395,5.33378159,943566,862589,0.986269461,0.036266792,9385,1,"sample"
"17_0626_1",9510640,9.16573335,1884621,1770729,0.970397104,0.011488679,6103,1,"sample"
"17_0627_1",8337745,6.484952937,1276727,1157276,0.978109013,0.020507925,7120,1,"sample"
"17_0628_1",11500511.67,10.38792869,1880464,1728354,0.987117355,0.015608302,8093,1,"sample"
"17_0629_1",9509688.333,6.83379898,992916,936735,0.981833688,0.03173434,8918,1,"sample"
"17_0630_1",6056180,4.241400283,631817,578696,0.978877903,0.044410189,7710,1,"sample"
"17_0701_1",10510503.33,5.374948617,1320944,1201092,0.984033649,0.03040566,10956,1,"sample"
"17_0702_1",18275445,13.28665478,1866036,1738546,0.986339839,0.02254566,11759,1,"sample"
"17_0703_1",10728283.33,10.10306547,2515251,2375018,0.970804885,0.015243396,10861,1,"sample"
"17_0704_1",8161628.333,9.91983773,2171555,1941784,0.939808187,0.017173208,10004,1,"sample"
"17_0705_1",11319938.33,6.50548123,2164021,2075626,0.972722556,0.015309434,9533,1,"sample"
"17_0706_1",10727406.67,9.512380627,1303209,1199217,0.98143053,0.028463019,10240,1,"sample"
"17_0707_1",8458665,9.71615823,1993129,1905807,0.97759379,0.017962642,10270,1,"sample"
"17_0708_1",10251681.67,5.580723947,1182308,1116656,0.979564984,0.024286792,8136,1,"sample"
"17_0709_1",11866976.67,12.07282855,2150456,2042996,0.976924257,0.020075094,12304,1,"sample"
"17_0710_1",12990643.33,9.10453082,1176177,1072811,0.988290035,0.032835849,10568,1,"sample"
"17_0711_1",8861406.667,8.205875953,1348531,1213632,0.989771942,0.02988,10879,1,"sample"
"17_0712_1",6411203.333,4.79824709,1116802,1020973,0.98736331,0.042531321,13027,1,"sample"
"17_0713_1",4923433.333,4.241400283,1104635,1007341,0.980951675,0.028801887,8704,1,"sample"
"17_0714_1",7355640,4.179483393,1258620,1193917,0.988114628,0.039860377,14277,1,"sample"
"17_0715_1",11869620,9.20653012,2502762,2344890,0.987329897,0.018563774,13059,1,"sample"
"17_0716_1",8793205,4.117557493,1028615,951824,0.989115201,0.039363019,11240,1,"sample"
"17_0717_1",9351255,8.34897137,1392636,1272209,0.994667264,0.039741887,15168,1,"sample"
"17_0718_1",8540401.667,4.79824709,1097291,1046586,0.992272386,0.044401509,13941,1,"sample"
"17_0719_1",5707016.667,3.601157603,1107506,981742,0.994830316,0.044013585,12963,1,"sample"
"17_0720_1",6804426.667,6.608107817,953285,869996,0.993123786,0.049984906,13046,1,"sample"
"17_0721_1",7432600,5.765836567,802196,708541,0.991514899,0.042679245,9072,1,"sample"
"17_0722_1",7199888.333,3.49780241,735769,670928,0.991448412,0.056831698,11439,1,"sample"
"17_0723_1",5724041.667,6.751743353,1471719,1330356,0.989158017,0.030901509,12333,1,"sample"
"17_0724_1",10296648.33,7.387259717,1504662,1450456,0.993329,0.025676981,11173,1,"sample"
"17_0725_1",7064443.333,4.30330816,769092,733908,0.995201105,0.060021132,13215,1,"sample"
"17_0726_1",9460598.333,3.187586223,1282904,1251016,0.992610452,0.035160755,13196,1,"sample"
"17_0727_1",7267283.333,4.983700777,1065619,1027242,0.991468861,0.040185283,12384,1,"sample"
"17_0728_1",7878093.333,4.633331437,1085600,1048398,0.992996996,0.042728679,13439,1,"sample"
"17_0729_1",9239738.333,4.509602713,920359,896624,0.988565959,0.037470189,10079,1,"sample"
"17_0730_1",6159413.333,2.773612887,934739,858328,0.996141412,0.045549811,11729,1,"sample"
"17_0731_1",11395448.33,7.571586243,1346380,1265986,0.983044928,0.025203019,9572,1,"sample"
"17_0801_1",7153483.333,4.262037243,795690,762087,0.985066067,0.047982264,10970,1,"sample"
"17_0802_1",4100115,2.442144407,665815,649951,0.996747195,0.065066415,12687,1,"sample"
"17_0803_1",4902783.333,2.60791087,726683,701139,0.992419718,0.066401509,13967,1,"sample"
"17_0804_1",4472273.333,2.027446033,625868,603648,0.993811137,0.063734717,11542,1,"sample"
"17_0805_1",6751481.667,6.033079117,682968,615690,NA,0,0,1,"sample"
"17_0806_1",5986741.667,4.241400283,684961,627731,0.995475457,0.053515472,10078,1,"sample"
"17_0807_1",16488798.33,9.04331944,1915686,1838363,0.991814604,0.02654717,14641,1,"sample"
"17_0808_1",15215331.67,4.901286903,1413176,1350115,NA,0,0,1,"sample"
"17_0809_1",7178550,3.084130597,917988,861867,0.987458311,0.040404528,10447,1,"sample"
"17_0810_1",7389753.333,4.468351807,1040339,966160,0.993154694,0.042981132,12458,1,"sample"
"17_0811_1",10159775,8.37786821,1835955,1780387,0.990547782,0.021768679,11627,1,"sample"
"17_0812_1",8390288.333,4.43611727,1096519,1050750,0.988720873,0.031263396,9855,1,"sample"
"17_0813_1",6546070,4.469797783,932592,873830,0.986304715,0.034373585,9011,1,"sample"
"17_0814_1",9999926.667,6.676225897,1498455,1471529,0.985526617,0.020824151,9193,1,"sample"
"17_0815_1",10753136.67,4.553999763,1549656,1531688,0.993645683,0.026981132,12398,1,"sample"
"17_0816_1",6468323.333,4.20035806,2139265,2046559,0.981086724,0.016751698,10285,1,"sample"
"17_0817_1",8882635,3.021674983,886433,815955,0.991723815,0.032027925,7840,1,"sample"
"17_0818_1",12639408.33,5.160283437,1718903,1551294,0.982459451,0.019792075,9211,1,"sample"
"17_0819_1",3320590,4.537159287,2322118,1915644,0.993791443,0.017689434,10166,1,"sample"
"17_0820_1",5554878.333,4.38559679,1805961,1247119,0.984447119,0.018936981,7085,1,"sample"
"17_0821_1",10410616.67,6.423545073,1217724,1138039,0.989900234,0.032216226,10999,1,"sample"
"17_0822_1",12115905,10.01256163,1731632,1323424,0.990345169,0.023895094,9487,1,"sample"
"17_0823_1",7606023.333,7.18161682,1597216,1235299,0.989203314,0.025003396,9266,1,"sample"
"17_0824_1",12995705,5.278178,1446585,1294088,0.974719166,0.028349434,11006,1,"sample"
"17_0825_1",16814381.67,10.09683644,2624225,2587764,0.984393834,0.012136604,9422,1,"sample"
"17_0826_1",12683511.67,3.358422673,1889636,1825301,0.985828827,0.020215849,11070,1,"sample"
"17_0827_1",20892268.33,6.827839053,2897363,2854450,0.973353128,0.008062264,6904,1,"sample"
"17_0828_1",15505018.33,8.276767687,2189425,2156929,0.972832072,0.007343774,4752,1,"sample"
"17_0829_1",19257655,7.973476027,2647746,2604533,0.986980844,0.006099623,4766,1,"sample"
"17_0830_1",9800371.667,3.021674983,1006524,982413,0.989612193,0.011132453,3281,1,"sample"
"17_0831_1",15865206.67,7.3332418,3272649,3222808,0.991256605,0.005727925,5538,1,"sample"
"17_0901_1",8357111.667,5.480287623,3286826,3226898,0.969917958,0.00404,3911,1,"sample"
"17_0902_1",18245623.33,6.861531343,2706795,2677343,0.985115863,0.005266415,4230,1,"sample"
"17_0903_1",15960393.33,5.513973137,2886877,2849462,0.993923494,0.005439623,4650,1,"sample"
"17_0904_1",18613311.67,4.789770577,2642886,2610241,0.990833941,0.008115472,6355,1,"sample"
"17_0905_1",13029220,4.18351841,1980380,1969483,0.991227355,0.006873208,4061,1,"sample"
"17_0906_1",27148383.33,20.81095454,5991723,5902467,0.99018598,0.003355094,5941,1,"sample"
"17_0907_1",15466273.33,13.38454752,3446935,3401019,0.973787934,0.004222264,4308,1,"sample"
"17_0908_1",23669318.33,15.76310053,6061251,5967007,0.988144016,0.004622642,8275,1,"sample"
"17_0909_1",15983611.67,10.41709194,5402116,5266026,0.989089716,0.004042264,6386,1,"sample"
"17_0910_1",16920940,10.66993788,5090010,4635178,0.980901113,0.003409434,4741,1,"sample"
"17_0911_1",27068700,13.37564882,5021162,4821429,0.980888548,0.0049,4725,1,"sample"
"17_0912_1",24462257.5,10.06487611,3388906,3237452,0.997491805,0.007345283,4756,1,"sample"
"17_0913_1",23069277.5,15.32223486,4530481,4327883,0.990846637,0.003623019,3136,1,"sample"
"17_0914_1",27178685,12.33932707,4593078,4243317,0.985747394,0.003557358,3019,1,"sample"
"17_0915_1",19767285,11.37893715,4502560,4198437,0.990591112,0.004032453,3386,1,"sample"
"17_0916_1",19886997.5,5.97216845,2136145,2064814,0.994887436,0.008581887,3544,1,"sample"
"17_0917_1",50555962.5,22.80947404,4763200,4235249,0.994793716,0.003830943,3245,1,"sample"
"17_0918_1",26457645,9.786924365,2588009,2353320,0.992542032,0.005615472,2643,1,"sample"
"17_0919_1",19337272.5,13.80537785,3248661,2957120,0.988739886,0.005522264,3266,1,"sample"
"17_0920_1",25552617.5,12.54152701,3764173,3313424,0.992592971,0.009469057,6275,1,"sample"
"17_0921_1",21493012.5,12.18768001,3651385,3443774,0.987754412,0.007503396,5168,1,"sample"
"17_0922_1",26237337.5,15.52450237,5379502,5227500,0.988664893,0.004524151,4730,1,"sample"
"17_0522_2",7733600,2.230375663,977849,971843,0.989714993,0.006417358,1871,2,"sample"
"17_0524_2",394025,1.809503977,39852,36165,0.997089515,0.018249811,198,2,"sample"
"17_0525_2",2782945,2.01151964,128938,123403,0.991150802,0.020826038,771,2,"sample"
"17_0526_2",3693140,1.22032011,293176,268598,0.990935981,0.019620377,1581,2,"sample"
"17_0527_2",3112105,2.482909317,792634,573171,0.981876311,0.015481132,2662,2,"sample"
"17_0528_2",4142971.667,4.991866083,698729,553489,0.987905415,0.016158113,2683,2,"sample"
"17_0529_2",3104996.667,3.139534983,466753,282631,0.981774973,0.023080755,1957,2,"sample"
"17_0530_2",6502318.333,3.64467,898884,579948,0.982446671,0.015857736,2759,2,"sample"
"17_0531_2",7286273.333,2.75228748,739707,349261,0.991552932,0.021149434,2216,2,"sample"
"17_0601_2",9433241.667,9.55749873,2462512,928753,0.992300224,0.009496604,2646,2,"sample"
"17_0602_2",13302335,4.38559679,2118229,589839,0.983818749,0.022921509,4056,2,"sample"
"17_0603_2",5240161.667,7.249005257,3715814,708234,0.991555329,0.025857736,5494,2,"sample"
"17_0604_2",14205793.33,5.076074253,1896789,781449,0.988092505,0.02843434,6666,2,"sample"
"17_0605_2",7800693.333,2.179869893,1098170,715360,0.944111384,0.024831321,5329,2,"sample"
"17_0606_2",8250815,6.928916447,1780955,1627686,0.993275264,0.014222642,6945,2,"sample"
"17_0607_2",8960323.333,4.335076667,1248041,1143843,0.988257934,0.016770943,5755,2,"sample"
"17_0608_2",9254296.667,3.64467,1079570,914859,0.986443943,0.022743019,6242,2,"sample"
"17_0609_2",6871333.333,3.64467,1068931,987370,0.992551908,0.015033208,4453,2,"sample"
"17_0610_2",10353846.67,3.07218619,1381931,1267667,0.977636231,0.013636604,5186,2,"sample"
"17_0611_2",8185493.333,4.873976337,1054597,937359,0.985196024,0.021631698,6083,2,"sample"
"17_0612_2",6631390,2.129364447,701575,690253,0.99186568,0.036295849,7516,2,"sample"
"17_0613_2",11494221.67,5.042390863,1816820,1787613,0.986036481,0.014831698,7954,2,"sample"
"17_0614_2",12241935,6.12034079,1833110,1795672,0.988383947,0.012710189,6847,2,"sample"
"17_0615_2",14886583.33,6.389855027,1808749,1776839,0.988866966,0.018416604,9817,2,"sample"
"17_0616_2",15361305,7.080535487,2546972,2491148,0.989939699,0.015425283,11528,2,"sample"
"17_0617_2",8035370,3.8130559,1348274,1334971,0.994684327,0.023768302,9519,2,"sample"
"17_0618_2",9381438.333,4.40243691,1949559,1922792,0.977375527,0.016273208,9387,2,"sample"
"17_0619_2",8037956.667,3.139534983,984969,917960,0.983289753,0.027473962,7566,2,"sample"
"17_0620_2",7748395,1.74216654,1164820,1137564,0.994722667,0.023242642,7932,2,"sample"
"17_0621_2",5592255,1.237153353,541677,527640,0.982728704,0.033393962,5286,2,"sample"
"17_0622_2",6375226.667,0.900494873,548581,511471,0.995889382,0.051061887,7835,2,"sample"
"17_0623_2",4562238.333,0.328205893,386094,372194,0.993618846,0.05863434,6547,2,"sample"
"17_0624_2",9401521.667,4.41242465,1529019,1478869,0.990050482,0.025158868,11162,2,"sample"
"17_0625_2",4941121.667,2.306058833,546150,532184,0.990525515,0.038276226,6111,2,"sample"
"17_0626_2",5160555,2.27313168,496652,482368,0.990157949,0.039458113,5710,2,"sample"
"17_0627_2",6862226.667,1.169797893,466656,452986,0.995663423,0.034438113,4680,2,"sample"
"17_0628_2",6916176.667,4.544009647,744061,727461,0.992398854,0.035003019,7639,2,"sample"
"17_0629_2",2751256.667,0.790917883,253760,246267,0.994847085,0.050406038,3724,2,"sample"
"17_0630_2",6482043.333,2.980961783,555473,535780,0.994545098,0.039817358,6400,2,"sample"
"17_0701_2",3332573.333,0.80739225,179328,172652,0.99886317,0.068287547,3537,2,"sample"
"17_0702_2",11908363.33,3.1126272,661747,633958,0.994526547,0.048720377,9266,2,"sample"
"17_0703_2",19651348.33,2.240204053,633299,599801,0.994011732,0.040157736,7226,2,"sample"
"17_0704_2",69793168.33,0.64264316,390816,357026,0.996280859,0.04986566,5341,2,"sample"
"17_0705_2",133926525,2.009697447,888847,801201,0.993302234,0.030321132,7288,2,"sample"
"17_0706_2",17960146.67,1.647425837,398888,380726,0.996428071,0.055884528,6383,2,"sample"
"17_0707_2",6616466.667,1.976766037,839610,786392,0.993212931,0.033456604,7893,2,"sample"
"17_0708_2",9613086.667,3.80374852,1119116,1077236,0.988265102,0.026735094,8640,2,"sample"
"17_0709_2",7528851.667,3.58985188,657030,624770,0.995970223,0.052221887,9788,2,"sample"
"17_0710_2",4979138.333,3.524033593,678835,549988,0.991904266,0.051898113,8563,2,"sample"
"17_0711_2",7660406.667,4.478218063,807184,661809,0.994481696,0.046775849,9287,2,"sample"
"17_0712_2",8337250,3.721482893,785322,644951,0.989441932,0.052453585,10149,2,"sample"
"17_0713_2",6081395,2.91512627,272065,211866,0.993275933,0.024543774,1560,2,"sample"
"17_0714_2",8866176.667,3.60630616,1176105,1122130,0.995255397,0.052792453,17772,2,"sample"
"17_0715_2",11137500,3.45821345,1254507,1162830,0.994107787,0.041060755,14324,2,"sample"
"17_0716_2",8233861.667,3.425302683,1308551,1210046,0.996372064,0.027051321,9820,2,"sample"
"17_0717_2",8416761.667,3.58985188,1399987,1267599,0.993573496,0.030438113,11575,2,"sample"
"17_0718_2",7262965,3.046795427,1031911,948926,0.986979017,0.036701132,10448,2,"sample"
"17_0719_2",8311036.667,2.668226413,1041998,872055,0.994645827,0.032008679,8374,2,"sample"
"17_0720_2",6643125,2.750529293,614824,532187,0.995759704,0.040418113,6453,2,"sample"
"17_0721_2",4254736.667,1.25215471,277470,244547,0.995834675,0.05805283,4259,2,"sample"
"17_0722_2",6063526.667,2.799909617,921268,879757,0.994913607,0.035327925,9324,2,"sample"
"17_0723_2",7582216.667,3.096169433,796747,744998,0.997447389,0.037006792,8271,2,"sample"
"17_0724_2",7278828.333,3.03033719,238042,213859,0.99702237,0.063421887,4069,2,"sample"
"17_0725_2",9326176.667,3.408847127,903951,831789,0.996069283,0.034455849,8598,2,"sample"
"17_0726_2",10068148.33,5.90877511,1343569,1297530,0.988909804,0.029019245,11296,2,"sample"
"17_0727_2",6504756.667,4.90583073,655621,621941,0.994994614,0.046210189,8622,2,"sample"
"17_0728_2",5457728.333,5.8430211,669408,633755,0.995736021,0.051655094,9821,2,"sample"
"17_0729_2",8769563.333,4.609799403,995626,925274,0.986688034,0.023708302,6581,2,"sample"
"17_0730_2",6103095,4.49466613,969479,906124,0.992403857,0.031415849,8540,2,"sample"
"17_0731_2",3774881.667,3.67212213,747445,705730,0.986166021,0.036855472,7803,2,"sample"
"17_0801_2",5625966.667,5.251154083,671961,576930,0.99349403,0.044933208,7777,2,"sample"
"17_0802_2",8300565,4.675587333,1653951,1525040,0.993803423,0.019890189,9100,2,"sample"
"17_0803_2",7438673.333,9.456876933,1033195,991696,0.993449502,0.031871321,9482,2,"sample"
"17_0804_2",9461563.333,13.21312305,1544310,1411482,0.979556243,0.023195472,9822,2,"sample"
"17_0805_2",10258028.33,10.17902269,1902388,1767977,0.990461134,0.02187434,11602,2,"sample"
"17_0806_2",12546870,9.867212063,1869493,1718980,0.989766689,0.015811698,8154,2,"sample"
"17_0807_2",12092131.67,16.17831377,2702590,2523025,0.993398225,0.010923396,8268,2,"sample"
"17_0808_2",9815028.333,13.32785868,1353341,1304520,0.994221079,0.023990943,9389,2,"sample"
"17_0809_2",10237180,18.56785281,1260426,1035045,0.992863772,0.018337358,5694,2,"sample"
"17_0810_2",6845438.333,22.58972453,1885069,1484060,0.987952447,0.019195094,8546,2,"sample"
"17_0811_2",9141205,21.05353509,2764393,2607467,0.997063783,0.018135094,14186,2,"sample"
"17_0812_2",10711266.67,29.98282905,2662593,2367261,0.994425648,0.015662264,11123,2,"sample"
"17_0813_2",9512275,22.88380293,2320523,1973399,0.996596016,0.020406415,12081,2,"sample"
"17_0814_2",11235670,8.73452581,1585278,1539387,0.996704012,0.022002264,10161,2,"sample"
"17_0815_2",5953100,5.284039417,1429924,1371423,0.990717264,0.024696981,10161,2,"sample"
"17_0816_2",10764240,9.079310067,1808525,1742534,0.995273631,0.023343396,12203,2,"sample"
"17_0817_2",6943633.333,6.697683993,1578801,1373561,0.9984714,0.022675849,9344,2,"sample"
"17_0818_2",14902408.33,15.60518177,3019405,2162319,0.995953779,0.016244906,10538,2,"sample"
"17_0819_2",6546085,25.10486382,3484184,1547411,0.986691386,0.020171321,9364,2,"sample"
"17_0820_2",2474081.667,9.752324887,5079941,1354753,0.989672279,0.022171321,9011,2,"sample"
"17_0821_2",3083531.667,11.68831045,2733185,1417572,0.981096078,0.021388679,9096,2,"sample"
"17_0822_2",5718725,3.85310651,696695,667267,0.993177581,0.036656981,7338,2,"sample"
"17_0823_2",10901616.67,6.730549643,1743454,1523474,0.991387404,0.020378868,9314,2,"sample"
"17_0824_2",9070828.333,13.04920652,1775412,1508622,0.986749534,0.021321887,9650,2,"sample"
"17_0825_2",11377993.33,5.695068013,1341087,1272728,0.985182912,0.018610943,7106,2,"sample"
"17_0826_2",7049283.333,3.50757873,782519,668467,0.989318511,0.021661509,4344,2,"sample"
"17_0827_2",7795300,8.422537393,1436193,1246896,0.994818903,0.007455849,2789,2,"sample"
"17_0828_2",6330925,3.83665396,1021583,803404,0.989317526,0.008924528,2151,2,"sample"
"17_0829_2",6822528.333,3.556942967,1297974,1200124,0.984490888,0.005996604,2159,2,"sample"
"17_0830_2",5713061.667,5.67862822,815794,695960,0.990214075,0.005479245,1144,2,"sample"
"17_0831_2",8294943.333,5.399134527,1466464,1292880,0.994034314,0.005764906,2236,2,"sample"
"17_0901_2",7361028.333,10.1462023,1035909,890598,0.995996051,0.006010943,1606,2,"sample"
"17_0902_2",11114731.67,6.303261613,1560958,1453481,0.985046498,0.003616604,1577,2,"sample"
"17_0903_2",10407523.33,5.612867927,1359425,1269676,0.995986647,0.006127547,2334,2,"sample"
"17_0904_2",5975013.333,3.67212213,1190560,1067966,0.987183094,0.01514717,4853,2,"sample"
"17_0905_2",5298835,2.898667097,556564,543915,0.991765861,0.020327925,3317,2,"sample"
"17_0906_2",12131580,7.25634,2746989,2584759,0.994834422,0.005359623,4156,2,"sample"
"17_0907_2",10272065,6.87843959,2070211,1878468,0.987032886,0.007280755,4103,2,"sample"
"17_0908_2",10429771.67,6.862007817,2078161,1835996,0.990698127,0.007558113,4163,2,"sample"
"17_0909_2",5721673.333,8.53748501,1245764,1120346,0.988083077,0.009940377,3341,2,"sample"
"17_0910_2",1634815,13.5573153,2685155,1558647,0.978135081,0.006666038,3117,2,"sample"
"17_0911_2",8324415,13.24956062,4366847,4130295,0.98641057,0.005959623,4923,2,"sample"
"17_0912_2",12477502.5,7.296617705,2269031,2162486,0.985923124,0.01859434,8042,2,"sample"
"17_0913_2",11776505,10.55516041,3833449,3600826,0.991771911,0.013660755,9838,2,"sample"
"17_0914_2",8139597.5,36.29261355,5354282,3589871,0.984313113,0.009563019,6866,2,"sample"
"17_0915_2",6927180,5.07662159,1679808,1378876,0.980082393,0.013837358,3816,2,"sample"
"17_0916_2",11850605,9.706627785,2996051,2648827,0.991924028,0.015344528,8129,2,"sample"
"17_0917_2",17448035,14.493738,4287581,2326545,NA,0,0,2,"sample"
"17_0918_2",13578837.5,23.99255312,2697142,2004264,0.986865131,0.010841887,4346,2,"sample"
"17_0919_2",10778792.5,21.42939049,4711076,2999915,0.985865295,0.011056981,6634,2,"sample"
"17_0920_2",16463187.5,17.06215857,3632328,3181326,0.992158291,0.018248679,11611,2,"sample"
"17_0921_2",12069727.5,15.39564741,4210966,3915405,0.984851741,0.013130189,10282,2,"sample"
"17_0922_2",7238952.5,20.88379307,4932651,4642675,0.985422129,0.008937736,8299,2,"sample"
"17_0522_3",35067618.33,12.32141929,4465035,4328252,0.995320474,0.004938868,6413,3,"sample"
"17_0524_3",18061131.67,3.78649723,954767,904510,0.981943947,0.01561434,4237,3,"sample"
"17_0525_3",22161676.67,3.201622583,875024,831383,0.983061307,0.019088679,4761,3,"sample"
"17_0526_3",27165720,6.033026533,671658,606109,0.984575556,0.025358491,4611,3,"sample"
"17_0527_3",16932041.67,1.92160555,541954,502258,0.989087909,0.034842642,5250,3,"sample"
"17_0528_3",8968441.667,3.749947597,919239,621332,0.986374506,0.025836981,4816,3,"sample"
"17_0529_3",2791631.667,3.475803987,457814,365453,0.994999302,0.044501887,4879,3,"sample"
"17_0530_3",13170488.33,3.402692647,969840,727968,0.985989862,0.029099245,6355,3,"sample"
"17_0531_3",9282526.667,4.40773889,1279838,813658,0.984244137,0.026575472,6487,3,"sample"
"17_0601_3",NA,0.219709347,23128,19724,0.994417661,0.073516226,435,3,"sample"
"17_0602_3",14827621.67,6.179056437,1435317,821750,0.977885428,0.029607547,7299,3,"sample"
"17_0603_3",13176425,11.8845554,1137784,673969,0.989534183,0.032434717,6558,3,"sample"
"17_0604_3",10653610,9.95403912,1187685,483260,0.989998259,0.049062642,7113,3,"sample"
"17_0605_3",13791531.67,11.55685121,1394449,770550,0.988484056,0.033932453,7844,3,"sample"
"17_0606_3",14043526.67,13.70426206,1680805,1259835,0.978388396,0.017941509,6781,3,"sample"
"17_0607_3",13966555,20.20722909,2243638,1801836,0.985478061,0.017515472,9468,3,"sample"
"17_0608_3",10735826.67,7.89413749,1367654,1294365,0.989001081,0.021506038,8351,3,"sample"
"17_0609_3",6721841.667,9.826492093,1263384,1215075,0.993583576,0.02506566,9137,3,"sample"
"17_0610_3",6774070,6.94554397,957719,846071,0.988556834,0.030647547,7779,3,"sample"
"17_0611_3",5445948.333,4.773085483,926607,708973,0.986801557,0.024340377,5177,3,"sample"
"17_0612_3",2691326.667,2.927403247,1225233,979641,0.991826154,0.025356226,7452,3,"sample"
"17_0613_3",4871985,3.804771793,820635,728522,0.990192707,0.035542264,7768,3,"sample"
"17_0614_3",4087576.667,4.298121987,1097514,910668,0.982110952,0.02747434,7506,3,"sample"
"17_0615_3",6939886.667,6.854310327,1206031,1055117,0.998807839,0.015647547,4953,3,"sample"
"17_0616_3",15102461.67,10.48236836,2287013,2091543,0.98395534,0.013100377,8220,3,"sample"
"17_0617_3",13425515,10.31841785,1471899,1426886,0.98951982,0.017118868,7328,3,"sample"
"17_0618_3",15044531.67,17.92047362,1966987,1872283,0.992662416,0.013261887,7449,3,"sample"
"17_0619_3",7719993.333,9.17041674,1978427,1763512,0.983012608,0.016695849,8833,3,"sample"
"17_0620_3",14668500,7.875899357,2613122,2444614,0.993162646,0.013691321,10041,3,"sample"
"17_0621_3",7827388.333,6.10604278,1164511,1104536,0.985438287,0.023699245,7853,3,"sample"
"17_0622_3",17997905,4.51734982,1109570,1045259,0.991367017,0.024140755,7570,3,"sample"
"17_0623_3",17337206.67,3.384414393,674985,634483,0.995966186,0.046667925,8883,3,"sample"
"17_0624_3",74225075,6.94554397,1154016,1057292,0.988342596,0.033875849,10745,3,"sample"
"17_0625_3",82223851.67,12.79459235,1620971,1448616,0.9947022,0.025958113,11281,3,"sample"
"17_0626_3",147260230,9.152189563,2066470,1808380,0.98427027,0.019689811,10682,3,"sample"
"17_0627_3",64082776.67,5.339242357,903996,749936,0.989185874,0.038536604,8670,3,"sample"
"17_0628_3",12727605,12.3396201,1857627,1724564,0.989762089,0.023149811,11977,3,"sample"
"17_0629_3",11670358.33,24.5754207,2487980,2286909,0.991521271,0.017361132,11911,3,"sample"
"17_0630_3",10587100,5.156628363,1553099,1405948,0.98831495,0.021861887,9221,3,"sample"
"17_0701_3",7242953.333,5.1748905,798592,734039,0.991922347,0.043971321,9683,3,"sample"
"17_0702_3",7870778.333,7.036773607,857991,731404,0.99189032,0.036172453,7937,3,"sample"
"17_0703_3",6288555,8.659997033,1334609,1222879,0.988607877,0.023635472,8671,3,"sample"
"17_0704_3",6447136.667,3.494081403,400527,340517,0.993976314,0.054896981,5608,3,"sample"
"17_0705_3",10845155,3.54891264,1476490,1280856,0.98670309,0.017337358,6662,3,"sample"
"17_0706_3",7115955,5.813962203,1339322,1013541,0.986211586,0.026270943,7988,3,"sample"
"17_0707_3",9550485,5.85047455,2561920,2183710,0.987194084,0.013469434,8824,3,"sample"
"17_0708_3",9567655,11.8845554,1871373,1637491,0.987038566,0.01834717,9013,3,"sample"
"17_0709_3",18819708.33,14.95901272,2694376,2284040,0.986335178,0.015586415,10680,3,"sample"
"17_0710_3",6305541.667,6.50758588,1792262,1563023,0.984532297,0.02857283,13398,3,"sample"
"17_0711_3",11127450,13.34043791,1998606,1688555,0.981762672,0.024435094,12378,3,"sample"
"17_0712_3",10564790,10.15445499,1885735,1636184,0.988827548,0.026516981,13016,3,"sample"
"17_0713_3",9894843.333,8.95168038,1416712,1228184,0.99048985,0.028497358,10500,3,"sample"
"17_0714_3",9950690,10.00869983,1596158,1176293,0.991921543,0.050749811,17909,3,"sample"
"17_0715_3",12391955,20.42490633,2323781,1766942,0.992942015,0.029036981,15392,3,"sample"
"17_0716_3",9952916.667,7.474620313,2430974,1766519,0.988217804,0.027038113,14329,3,"sample"
"17_0717_3",8549673.333,8.14945482,2686834,2168553,0.991948737,0.026604528,17308,3,"sample"
"17_0718_3",10684938.33,7.875899357,1751541,1481894,0.990529614,0.029810943,13253,3,"sample"
"17_0719_3",4603868.333,7.474620313,2811895,2211724,0.991995262,0.02310566,15331,3,"sample"
"17_0720_3",10459111.67,14.83175021,1980207,1435934,0.985220726,0.026653962,11482,3,"sample"
"17_0721_3",7301975,14.52265507,1092853,743554,0.991004994,0.041162642,9182,3,"sample"
"17_0722_3",8448820,6.10604278,1348232,881265,0.996118908,0.042068302,11122,3,"sample"
"17_0723_3",12447833.33,11.35656367,1742011,1193926,0.988951748,0.030646792,10977,3,"sample"
"17_0724_3",10448095,14.79538821,1827678,1306240,0.986125102,0.024263019,9508,3,"sample"
"17_0725_3",7775385,8.131218893,1170604,876756,0.992565628,0.048196604,12677,3,"sample"
"17_0726_3",10837873.33,8.37061896,1196959,1024660,0.992901655,0.025055472,7702,3,"sample"
"17_0727_3",10570521.67,10.51410577,1230173,894305,0.992074479,0.024518113,6578,3,"sample"
"17_0728_3",11030080,9.973848933,1620106,1164669,0.993741995,0.027581509,9637,3,"sample"
"17_0729_3",7201706.667,6.640485297,1690913,1282858,0.994166461,0.018271698,7032,3,"sample"
"17_0730_3",11149258.33,5.54068072,1608738,1072140,0.988419978,0.024810189,7980,3,"sample"
"17_0731_3",13713086.67,7.812022923,1572099,1142600,0.9899976,0.026778113,9179,3,"sample"
"17_0801_3",17851683.33,12.29640517,1423046,918930,0.987561366,0.03388,9340,3,"sample"
"17_0802_3",14656963.33,8.3526011,1325703,937234,0.989021889,0.026802264,7536,3,"sample"
"17_0803_3",13941321.67,20.29816619,1600270,1040973,0.99079433,0.021540755,6727,3,"sample"
"17_0804_3",12596446.67,9.901808743,1956872,1260317,0.992871684,0.015599245,5898,3,"sample"
"17_0805_3",11657531.67,20.92690946,1829142,1310877,0.985450892,0.018115094,7124,3,"sample"
"17_0806_3",12934313.33,20.83709401,1987688,1363705,0.974761081,0.012737358,5211,3,"sample"
"17_0807_3",11975873.33,10.22597856,1774865,1364736,0.990986829,0.013795094,5648,3,"sample"
"17_0808_3",7456010,12.31440398,1139937,967692,0.98996729,0.02146,6230,3,"sample"
"17_0809_3",9544155,11.66639425,1131104,915180,0.978162078,0.018892453,5187,3,"sample"
"17_0810_3",8209398.333,8.622859477,968324,840493,0.992182992,0.022268679,5615,3,"sample"
"17_0811_3",10648656.67,4.296207343,849964,767351,0.984709424,0.014013585,3226,3,"sample"
"17_0812_3",15222273.33,9.469538023,1638287,1500588,0.986369619,0.008127925,3659,3,"sample"
"17_0813_3",14198678.33,4.440517963,1077153,986937,0.983521666,0.012695849,3759,3,"sample"
"17_0814_3",17159343.33,5.432484,1053462,989336,0.988569929,0.009194717,2729,3,"sample"
"17_0815_3",11625758.33,9.793745827,1399385,1322963,0.978043396,0.009,3572,3,"sample"
"17_0816_3",11636565,2.726417813,722651,681182,0.984810452,0.016344151,3340,3,"sample"
"17_0817_3",9838928.333,4.24208923,643995,597913,0.988469419,0.017828679,3198,3,"sample"
"17_0818_3",19986931.67,10.13593423,2114908,1971576,0.980052903,0.00593434,3510,3,"sample"
"17_0819_3",16266040,8.67690871,2024320,1938913,0.981253882,0.009470943,5509,3,"sample"
"17_0820_3",5720746.667,4.891448163,2024602,1917120,0.970017738,0.009008302,5181,3,"sample"
"17_0821_3",10953321.67,5.252148413,971626,927255,0.988514919,0.018366038,5109,3,"sample"
"17_0822_3",11997703.33,14.40171031,1813717,1756940,0.983911031,0.009321132,4913,3,"sample"
"17_0823_3",15056676.67,14.04190739,4128979,4054070,0.983322628,0.005037736,6127,3,"sample"
"17_0824_3",16716065,10.0098685,2754346,2734500,0.976792605,0.007668679,6291,3,"sample"
"17_0825_3",11890858.33,9.091259267,877919,835466,0.991142852,0.014331321,3592,3,"sample"
"17_0826_3",6794803.333,5.107872977,950465,815563,0.991819659,0.015547547,3804,3,"sample"
"17_0827_3",9196871.667,3.249765377,1248964,1071072,0.991785181,0.026048679,8370,3,"sample"
"17_0828_3",8071831.667,8.280528753,1587298,1378898,0.986845543,0.022663019,9375,3,"sample"
"17_0829_3",10479996.67,6.37007433,2204428,2039552,0.988228692,0.017631321,10788,3,"sample"
"17_0830_3",9442310,7.397523707,1354585,1187044,0.983722461,0.016163396,5756,3,"sample"
"17_0831_3",16057973.33,9.091259267,2074449,1976271,0.980721824,0.012801887,7590,3,"sample"
"17_0901_3",19855055,26.7615469,2818533,2701502,0.982582718,0.010258491,8314,3,"sample"
"17_0902_3",13738318.33,6.766669827,1094494,1033300,0.982917581,0.013723019,4254,3,"sample"
"17_0903_3",19963905,19.79511194,3104577,2968763,0.975837656,0.006990566,6226,3,"sample"
"17_0904_3",24546348.33,25.29001977,2769869,2662494,0.988578684,0.015420377,12317,3,"sample"
"17_0905_3",22797098.33,23.36926661,2935071,2853136,0.982582038,0.014225283,12176,3,"sample"
"17_0906_3",20928790,17.35092559,4456395,4213381,0.984043734,0.010067925,12726,3,"sample"
"17_0907_3",24366433.33,16.57785298,3502866,3279709,0.987297686,0.007814717,7689,3,"sample"
"17_0908_3",18822806.67,19.65137229,4839624,4664092,0.989816767,0.006082642,8511,3,"sample"
"17_0909_3",14174123.33,8.803020433,2403831,2325671,0.990157461,0.01217283,8493,3,"sample"
"17_0910_3",22538495,16.48795188,2327485,2202662,0.992077697,0.006464906,4272,3,"sample"
"17_0911_3",32746677.5,43.42531697,5373936,5238016,0.98775494,0.005872453,6152,3,"sample"
"17_0912_3",31417872.5,22.60089373,3952580,3879487,0.991450249,0.009239623,7169,3,"sample"
"17_0913_3",31922275,42.99482686,4357032,4263540,0.947329387,0.003678868,3137,3,"sample"
"17_0914_3",21216142.5,24.97465877,3899516,3737336,0.974657141,0.009021132,6743,3,"sample"
"17_0915_3",16037202.5,14.39343336,2570376,2437696,0.985342959,0.011186792,5454,3,"sample"
"17_0916_3",24430745,8.6626426,2114942,2035562,0.990676875,0.01472566,5995,3,"sample"
"17_0917_3",41248782.5,46.03475234,3389819,2952606,0.996669466,0.008304528,4904,3,"sample"
"17_0918_3",24671320,19.38947126,3783996,2815606,0.984174967,0.006515472,3669,3,"sample"
"17_0919_3",15356037.5,11.79912667,2032504,1765937,0.990817972,0.009133962,3226,3,"sample"
"17_0920_3",21849910,17.95861858,3566815,3165858,0.993763433,0.016093585,10190,3,"sample"
"17_0921_3",21811480,20.30719439,2900825,2687602,0.987533584,0.017498868,9406,3,"sample"
"17_0922_3",22465287.5,10.98814784,4885155,4512926,0.98154094,0.013020377,11752,3,"sample"
"17_0522_4",16753415,4.36836344,2056736,1900452,0.965367392,0.006458113,3682,4,"sample"
"17_0524_4",8760536.667,3.41216633,1043010,1011023,0.983794386,0.005779623,1753,4,"sample"
"17_0525_4",11607720,2.076625907,1284583,1228266,0.974911611,0.010871698,4006,4,"sample"
"17_0526_4",9614286.667,1.137801637,805004,756110,0.981399464,0.019917736,4518,4,"sample"
"17_0527_4",10775365,1.715572857,1336022,1254353,0.982707176,0.017908302,6739,4,"sample"
"17_0528_4",16481030,1.535030803,2247430,2091152,0.977932063,0.016662264,10453,4,"sample"
"17_0529_4",10762528.33,2.148831563,1783923,1605392,0.981843077,0.014509434,6988,4,"sample"
"17_0530_4",17474548.33,5.234114323,3035711,2716680,0.974478448,0.006668679,5435,4,"sample"
"17_0531_4",14280855,4.765193873,1358318,1146731,0.975211672,0.013420755,4617,4,"sample"
"17_0601_4",4739546.667,1.553085477,669997,634228,0.973647302,0.009523396,1812,4,"sample"
"17_0602_4",25675905,1.715572857,1281430,1102645,0.983996323,0.016980377,5617,4,"sample"
"17_0603_4",29458940,2.0044186,1538570,1071368,0.986674406,0.024772075,7962,4,"sample"
"17_0604_4",22591233.33,3.70085908,1430988,851888,0.98837107,0.025398491,6491,4,"sample"
"17_0605_4",19645161.67,1.191972227,567986,497400,0.990606502,0.040075094,5980,4,"sample"
"17_0606_4",22194895,1.968314327,836132,621956,0.985901397,0.026491698,4943,4,"sample"
"17_0607_4",10720473.33,1.282254453,187201,157698,0.992145055,0.040351321,1909,4,"sample"
"17_0608_4",7756490,1.73849354,139796,108592,0.990900266,0.046320377,1509,4,"sample"
"17_0609_4",5799873.333,1.87963992,141345,113674,0.961166104,0.011729434,400,4,"sample"
"17_0610_4",5112185,2.902725443,476686,446136,0.997551847,0.020770943,2780,4,"sample"
"17_0611_4",8856341.667,5.687783263,799265,697353,0.97318543,0.016892453,3534,4,"sample"
"17_0612_4",12713278.33,5.3001596,1526311,1451790,0.985264804,0.014492453,6312,4,"sample"
"17_0613_4",17157800,7.449037297,1848163,1675267,0.980615905,0.016608302,8347,4,"sample"
"17_0614_4",16586351.67,5.28253906,1877181,1595106,0.987390217,0.015823396,7572,4,"sample"
"17_0615_4",24280901.67,9.17402262,1262355,879618,0.956400965,0.007715472,2036,4,"sample"
"17_0616_4",18193866.67,7.272960863,2207107,1486185,0.97920505,0.01388566,6191,4,"sample"
"17_0617_4",6298968.333,8.36446218,1416307,965753,0.974471524,0.007558868,2190,4,"sample"
"17_0618_4",10657316.67,7.88918141,1977474,1429398,0.990245947,0.011221509,4812,4,"sample"
"17_0619_4",12690075,9.103634857,2400311,1617130,0.988085768,0.018287547,8872,4,"sample"
"17_0620_4",8698903.333,6.5509343,881374,682001,0.984757906,0.023362642,4780,4,"sample"
"17_0621_4",4434330,2.514705023,615772,551828,0.995281967,0.049707547,8229,4,"sample"
"17_0622_4",6646455,1.91492533,622533,571027,0.99099815,0.034300755,5876,4,"sample"
"17_0623_4",5493130,1.826710917,421229,369456,0.990753432,0.035800377,3968,4,"sample"
"17_0624_4",9290190,2.32067355,1193287,1038218,0.985173616,0.024773208,7716,4,"sample"
"17_0625_4",14073331.67,5.141570713,676665,576148,0.966810747,0.022395849,3871,4,"sample"
"17_0626_4",47945511.67,3.273055967,1313515,1180037,0.973047501,0.020852453,7382,4,"sample"
"17_0627_4",45195266.67,3.22015474,1412973,1276919,0.992931695,0.030542264,11700,4,"sample"
"17_0628_4",35126163.33,5.141570713,1859312,1658389,0.983511564,0.02181434,10853,4,"sample"
"17_0629_4",46869676.67,5.740636863,1207219,1094661,0.99465202,0.043480755,14279,4,"sample"
"17_0630_4",36513993.33,6.022505897,644901,537254,0.983439266,0.038057736,6134,4,"sample"
"17_0701_4",41863523.33,2.638172203,550606,492304,0.973240872,0.037673208,5564,4,"sample"
"17_0702_4",6473805,1.73849354,355039,298463,0.993230381,0.057315849,5132,4,"sample"
"17_0703_4",5295996.667,4.54237498,798520,637484,0.983568198,0.019137736,3660,4,"sample"
"17_0704_4",4293638.333,2.708722307,841232,647758,0.984666661,0.048793962,9482,4,"sample"
"17_0705_4",6598920,3.92541905,1587917,1323782,0.976865908,0.023264151,9239,4,"sample"
"17_0706_4",4589586.667,4.471872783,961440,816482,0.981213971,0.029398491,7201,4,"sample"
"17_0707_4",1967313.333,4.84198913,1823112,1526545,0.973525037,0.022755094,10421,4,"sample"
"17_0708_4",6036705,3.96067744,1147427,998958,0.968280184,0.023481132,7037,4,"sample"
"17_0709_4",8791885,4.89485883,1543197,1271372,0.97567559,0.016698491,6369,4,"sample"
"17_0710_4",10068866.67,3.8549009,1271249,985614,0.987651528,0.029842642,8824,4,"sample"
"17_0711_4",6760175,4.877235707,1188184,939477,0.987245886,0.008579245,2418,4,"sample"
"17_0712_4",8490218.333,4.75387071,1351850,1100475,0.984968563,0.041757736,13786,4,"sample"
"17_0713_4",4840138.333,3.96067744,738541,658717,0.986203549,0.04588717,9068,4,"sample"
"17_0714_4",8671888.333,4.4894985,907283,722808,0.982861073,0.022592453,4899,4,"sample"
"17_0715_4",12485150,6.81511155,1234792,1074925,0.983600583,0.025363019,8179,4,"sample"
"17_0716_4",7898908.333,2.67344749,1031019,866542,0.989281299,0.032100755,8345,4,"sample"
"17_0717_4",3416526.667,3.22015474,1271316,1144485,0.985194495,0.025164151,8640,4,"sample"
"17_0718_4",10881256.67,5.458739433,1209348,1128709,0.985895962,0.025601509,8669,4,"sample"
"17_0719_4",9194260,3.273055967,1156671,899324,0.986347627,0.012090566,3262,4,"sample"
"17_0720_4",4465425,3.25542234,1036695,881698,0.995713168,0.045442642,12020,4,"sample"
"17_0721_4",6955188.333,1.809067677,564179,537667,0.995839408,0.065579623,10578,4,"sample"
"17_0722_4",7695926.667,2.638172203,652261,600800,0.985393026,0.027108302,4886,4,"sample"
"17_0723_4",11547761.67,3.184886677,1046812,995220,0.988648613,0.032053208,9570,4,"sample"
"17_0724_4",8504005,3.96067744,1036367,1007847,0.994573929,0.053506792,16178,4,"sample"
"17_0725_4",7358116.667,2.920361393,631890,602773,0.99277998,0.031786415,5748,4,"sample"
"17_0726_4",5336140,1.526759707,468278,459416,0.992369482,0.061636226,8495,4,"sample"
"17_0727_4",6235413.333,1.967852553,291694,272377,0.986773269,0.040984906,3349,4,"sample"
"17_0728_4",6766700,2.338313363,842124,811691,0.988856924,0.042651698,10386,4,"sample"
"17_0729_4",7251763.333,1.73849354,474796,458298,0.988937025,0.052833208,7264,4,"sample"
"17_0730_4",11374591.67,2.161909943,1023203,958161,0.992758903,0.025792453,7414,4,"sample"
"17_0731_4",1486636.667,3.184886677,527438,496033,0.994797318,0.068227925,10153,4,"sample"
"17_0801_4",7481915,3.608072913,478346,462406,0.993165601,0.05053283,7010,4,"sample"
"17_0802_4",13973473.33,3.061444797,726832,700492,0.983085943,0.031311321,6580,4,"sample"
"17_0803_4",10674916.67,2.849816897,371453,354145,0.992685073,0.063410943,6737,4,"sample"
"17_0804_4",8682741.667,2.5852584,457372,445233,0.997342499,0.02659283,3552,4,"sample"
"17_0805_4",18089061.67,5.071083847,1218866,1181287,0.990914572,0.035647547,12633,4,"sample"
"17_0806_4",15605831.67,2.461788757,570279,538827,0.95988448,0.057786038,9341,4,"sample"
"17_0807_4",14791795,5.811106777,1123319,1088302,0.990439844,0.024083396,7863,4,"sample"
"17_0808_4",10026885,3.008539393,859916,823936,0.993409498,0.055081132,13615,4,"sample"
"17_0809_4",8368311.667,3.978306463,651071,605724,0.989711889,0.047942642,8712,4,"sample"
"17_0810_4",15530941.67,4.33086294,1059517,987995,0.986782987,0.032183019,9539,4,"sample"
"17_0811_4",21672750,5.511597373,1058400,945610,0.982815609,0.023572075,6687,4,"sample"
"17_0812_4",18719433.33,4.242728093,972260,891150,0.96919424,0.013432075,3591,4,"sample"
"17_0813_4",12648881.67,10.24723085,1394387,1267038,0.979487647,0.021149057,8039,4,"sample"
"17_0814_4",13808308.33,7.14970094,1650417,1612277,0.985293228,0.018572075,8983,4,"sample"
"17_0815_4",15627515,6.286732457,1751251,1717717,0.986400637,0.015621509,8050,4,"sample"
"17_0816_4",16774090,8.927658143,2518311,2443079,0.984960248,0.01427434,10462,4,"sample"
"17_0817_4",12516991.67,4.75387071,1461944,1435460,0.994258425,0.023000755,9905,4,"sample"
"17_0818_4",28162713.33,8.452468657,2584164,1992756,0.97994978,0.006737736,4028,4,"sample"
"17_0819_4",15874556.67,6.357188693,3026449,2714338,0.981430117,0.011076981,9020,4,"sample"
"17_0820_4",8125735,5.018217523,1725135,1444587,0.984991168,0.008383019,3633,4,"sample"
"17_0821_4",13313323.33,13.21858691,1447157,1327861,0.982335522,0.017125283,6822,4,"sample"
"17_0822_4",19853666.67,7.272960863,2209940,2119158,0.990528978,0.011559623,7349,4,"sample"
"17_0823_4",8106006.667,6.779889333,3567908,2955314,0.983557021,0.008484151,7522,4,"sample"
"17_0824_4",12566866.67,6.286732457,1703295,1491784,0.987763677,0.023600377,10562,4,"sample"
"17_0825_4",10638200,7.642708957,2471679,1699694,0.987566565,0.014184906,7233,4,"sample"
"17_0826_4",7810511.667,8.99805008,754069,415686,0.909718939,0.001058491,132,4,"sample"
"17_0827_4",6668486.667,5.537185557,827824,522279,0.975943943,0.014609057,2289,4,"sample"
"17_0828_4",6573956.667,6.44036398,749912,424220,0.968747491,0.004604528,586,4,"sample"
"17_0829_4",10348005,4.067026933,1377585,1044591,0.990049693,0.01623283,5087,4,"sample"
"17_0830_4",6929288.333,9.025253573,1893790,1553603,0.978053698,0.010253585,4779,4,"sample"
"17_0831_4",9930006.667,8.370270627,1589207,1422469,0.978574043,0.010362264,4422,4,"sample"
"17_0901_4",12520618.33,8.600406667,2356573,2052659,0.98638682,0.012370943,7618,4,"sample"
"17_0902_4",9695545,8.175534233,2012643,1816101,0.982178793,0.011989057,6532,4,"sample"
"17_0903_4",7486921.667,6.28098881,1932491,1558178,0.985168536,0.01062566,4967,4,"sample"
"17_0904_4",14822866.67,16.01426014,2196503,1946183,0.983933044,0.014854717,8673,4,"sample"
"17_0905_4",14754870,7.591292123,2031704,1944421,0.977115141,0.007110943,4148,4,"sample"
"17_0906_4",21386823.33,30.20975217,4319435,3844013,0.984317515,0.007808679,9005,4,"sample"
"17_0907_4",21046566.67,27.11690597,4435218,3976644,0.985980925,0.009529811,11369,4,"sample"
"17_0908_4",17022125,19.4980092,3818043,3611916,0.983860762,0.008543019,9257,4,"sample"
"17_0909_4",5834038.333,11.23760285,2568039,2339934,0.969153894,0.015007547,10535,4,"sample"
"17_0910_4",10848475,25.10198562,4560231,3901920,0.996628001,0.009457736,11071,4,"sample"
"17_0911_4",24600885,32.1377226,4149197,3955101,0.982840776,0.009146415,7235,4,"sample"
"17_0912_4",25630740,31.31563434,2982472,2923903,0.985711725,0.00908717,5314,4,"sample"
"17_0913_4",48557302.5,45.02302541,5016892,4923976,0.9702415,0.003140755,3093,4,"sample"
"17_0914_4",25572005,56.8992919,9657604,9551601,0.9932449,0.00529283,10111,4,"sample"
"17_0915_4",40503127.5,33.35754155,5027140,4936067,0.981357641,0.009446792,9326,4,"sample"
"17_0916_4",31053905,24.1805706,3196257,3091974,0.978133846,0.011937358,7382,4,"sample"
"17_0917_4",41752007.5,30.78523845,4462160,4147504,0.991560702,0.012811321,10627,4,"sample"
"17_0918_4",14530380,8.385475885,1383392,1215580,0.973686427,0.016642264,4046,4,"sample"
"17_0919_4",45444570,14.54681513,2872740,2731959,0.955267447,0.005893208,3220,4,"sample"
"17_0920_4",37048515,17.04221341,3358807,3133206,0.985027594,0.00943283,5911,4,"sample"
"17_0921_4",31142115,11.91807627,1056689,949732,0.981534158,0.013730189,2608,4,"sample"
"17_0922_4",40758415,22.0314928,3153464,2988800,0.983292043,0.012550189,7502,4,"sample"
"17_0522_5",9491456.667,5.41320984,1015001,822129,0.994055095,0.028750566,7091,5,"sample"
"17_0524_5",6674718.333,8.936745883,1869520,1315977,0.967363774,0.006261509,2472,5,"sample"
"17_0525_5",4110053.333,11.75077752,2269241,1398881,0.973188073,0.012021509,5045,5,"sample"
"17_0526_5",3208695,3.42925592,699999,372273,0.990198303,0.033622264,3755,5,"sample"
"17_0527_5",1936926.667,2.4547481,834735,524149,0.982362556,0.023358491,3673,5,"sample"
"17_0528_5",1499430,19.62177857,1609453,588889,0.988637624,0.029518868,5215,5,"sample"
"17_0529_5",4157363.333,2.29526728,820544,791730,0.989889823,0.022015094,5229,5,"sample"
"17_0530_5",10185003.33,3.60642148,1068967,1051005,0.963572115,0.004091321,1290,5,"sample"
"17_0531_5",5216726.667,3.695002247,1085210,1048360,0.978800224,0.023586038,7418,5,"sample"
"17_0601_5",13216785,2.862289743,1340066,1172951,0.952492886,0.000920755,324,5,"sample"
"17_0602_5",6095288.333,3.021754623,1392985,1352632,0.987187933,0.020821132,8449,5,"sample"
"17_0603_5",5631055,4.261887707,940287,922655,0.985375698,0.028067547,7769,5,"sample"
"17_0604_5",6860373.333,6.936172917,1371109,1352357,0.969181752,0.018636604,7561,5,"sample"
"17_0605_5",13652963.33,7.32571097,2176868,2141210,0.979980094,0.016784906,10782,5,"sample"
"17_0606_5",10858590,11.09603163,1911575,1882634,0.976323768,0.014044151,7932,5,"sample"
"17_0607_5",7012455,3.287519597,1191489,1173876,0.977297485,0.016688302,5877,5,"sample"
"17_0608_5",15061603.33,5.147539283,2173865,2137008,0.97514629,0.013389434,8584,5,"sample"
"17_0609_5",9640183.333,3.99616689,1292705,1255603,0.9918023,0.007783774,2932,5,"sample"
"17_0610_5",10864773.33,6.404947613,2452119,2364792,0.986340428,0.013906792,9866,5,"sample"
"17_0611_5",14066565,10.84827587,2722906,2596814,0.980784091,0.012478113,9721,5,"sample"
"17_0612_5",9520685,3.19893263,1498263,1467880,0.992003982,0.015991321,7042,5,"sample"
"17_0613_5",9229623.333,5.590317257,1449254,1434656,0.98968629,0.032535094,14003,5,"sample"
"17_0614_5",5273858.333,2.348428057,737173,716837,0.989541394,0.039013962,8390,5,"sample"
"17_0615_5",10055936.67,3.057190663,1235300,1185688,0.982646195,0.016406792,5836,5,"sample"
"17_0616_5",5531630,2.649662973,1501753,1366591,0.978914913,0.027301509,11193,5,"sample"
"17_0617_5",5792668.333,1.92312768,816519,753970,0.986480555,0.023984151,5425,5,"sample"
"17_0618_5",8527611.667,4.13788613,1589200,1365585,0.986143654,0.029284151,11997,5,"sample"
"17_0619_5",6143088.333,4.757868457,2738549,2309489,0.988174496,0.017983774,12460,5,"sample"
"17_0620_5",10858590,5.11211568,2957542,2694389,0.990141882,0.01545434,12492,5,"sample"
"17_0621_5",9271046.667,5.87367876,1921311,1729893,0.986824325,0.030238868,15693,5,"sample"
"17_0622_5",9760041.667,4.08474181,1611237,1399495,0.988501485,0.030158491,12662,5,"sample"
"17_0623_5",8062493.333,2.50790737,1316612,1111987,0.982340865,0.022164528,7394,5,"sample"
"17_0624_5",13534960,4.8995698,2009492,1657062,0.978017934,0.019755849,9821,5,"sample"
"17_0625_5",8803988.333,5.537185557,1106496,807036,0.965317378,0.018004151,4359,5,"sample"
"17_0626_5",8005748.333,2.41930831,1132100,929937,0.990771593,0.046748679,13042,5,"sample"
"17_0627_5",13791001.67,5.28923166,1588617,1189116,0.98263487,0.02375434,8474,5,"sample"
"17_0628_5",25754895,5.87367876,2022778,1655286,0.981791476,0.027233962,13524,5,"sample"
"17_0629_5",53949948.33,3.695002247,2158621,1656256,0.984651106,0.034121132,16954,5,"sample"
"17_0630_5",27106106.67,4.917282237,849707,682957,0.990253577,0.046181509,9462,5,"sample"
"17_0701_5",29929345,4.598450507,945481,681941,0.976704368,0.025290566,5174,5,"sample"
"17_0702_5",68774390,6.334114303,1124887,861473,0.986208101,0.035056226,9060,5,"sample"
"17_0703_5",89174293.33,3.0749086,902269,619715,0.988422885,0.023263396,4325,5,"sample"
"17_0704_5",6286988.333,1.869962847,1045522,731209,0.993378784,0.041424528,9087,5,"sample"
"17_0705_5",8183321.667,2.312987597,1159898,983683,0.989526007,0.041378491,12211,5,"sample"
"17_0706_5",6612608.333,3.181215077,1170327,1024263,0.990000634,0.030620377,9409,5,"sample"
"17_0707_5",2221455,2.330707853,1244679,1074313,0.984427216,0.037307547,12024,5,"sample"
"17_0708_5",8742063.333,4.456742143,743932,649394,0.989978983,0.04728,9211,5,"sample"
"17_0709_5",12665590,9.467775783,1146609,953022,0.978586442,0.02228,6370,5,"sample"
"17_0710_5",11737148.33,4.575764283,1037705,873075,0.980437145,0.030738113,8051,5,"sample"
"17_0711_5",10455441.67,7.988159427,675467,589385,0.95023343,0.009399623,1662,5,"sample"
"17_0712_5",10549661.67,4.685296987,1237654,1117457,0.99089615,0.040756226,13663,5,"sample"
"17_0713_5",11573028.33,7.44090339,1620209,1480920,0.975469264,0.025677736,11408,5,"sample"
"17_0714_5",9972405,6.419170403,1288832,1171672,0.98552998,0.027769434,9761,5,"sample"
"17_0715_5",12950310,5.451942417,1639608,1448230,0.983662156,0.025355094,11016,5,"sample"
"17_0716_5",15587070,4.740062213,1059454,958935,0.979938132,0.032032075,9215,5,"sample"
"17_0717_5",8891010,2.89588201,1389234,1201254,0.977599865,0.025453962,9173,5,"sample"
"17_0718_5",14932636.67,4.338433107,878263,765813,0.989496576,0.028196604,6478,5,"sample"
"17_0719_5",19262503.33,2.67671341,1086560,898392,0.98317816,0.012351698,3329,5,"sample"
"17_0720_5",10434428.33,3.772432153,1426766,1240298,0.988395614,0.026160377,9734,5,"sample"
"17_0721_5",19006403.33,3.33418181,1485913,1341181,0.990073888,0.022753585,9155,5,"sample"
"17_0722_5",16992880,4.72180722,1396384,1325840,0.978816971,0.025390189,10099,5,"sample"
"17_0723_5",25194420,4.667041743,1531818,1378313,0.988026614,0.035773208,14792,5,"sample"
"17_0724_5",19271778.33,8.04288121,669081,622272,0.989225985,0.038482642,7184,5,"sample"
"17_0725_5",16944273.33,2.89588201,672518,603813,0.991832166,0.083729057,15167,5,"sample"
"17_0726_5",18529515,2.27487168,606397,555322,0.98026354,0.028307925,4716,5,"sample"
"17_0727_5",9428483.333,1.452789753,332635,302287,0.986984962,0.023377358,2120,5,"sample"
"17_0728_5",14126300,3.53505266,756231,682482,0.974976256,0.041358868,8468,5,"sample"
"17_0729_5",12588558.33,2.96893543,844380,801397,0.98883325,0.03358717,8075,5,"sample"
"17_0730_5",17406248.33,2.786299273,711635,654054,0.981447499,0.036011321,7066,5,"sample"
"17_0731_5",14199365,5.981208493,555585,521750,0.991935403,0.05456,8540,5,"sample"
"17_0801_5",9663703.333,3.15156293,787598,749066,0.987286898,0.040890943,9189,5,"sample"
"17_0802_5",7784623.333,1.12390642,575859,545165,0.985409453,0.035475472,5802,5,"sample"
"17_0803_5",5065556.667,3.13330057,290657,272983,0.990505035,0.048867547,4002,5,"sample"
"17_0804_5",9105110,3.27939705,395864,361206,0.926394063,0.001439623,156,5,"sample"
"17_0805_5",9809680,5.251168377,1011215,973860,0.985695521,0.02867283,8377,5,"sample"
"17_0806_5",5002815,2.329670777,930568,787444,0.977790886,0.031418113,7422,5,"sample"
"17_0807_5",13300993.33,7.951677853,1413336,1363821,0.936137869,0.00735434,3009,5,"sample"
"17_0808_5",11325073.33,4.575764283,1020938,964243,0.984118167,0.037449057,10833,5,"sample"
"17_0809_5",11255715,5.652706563,1493597,1383685,0.975585668,0.022319623,9265,5,"sample"
"17_0810_5",11465661.67,4.867844837,1863637,1723640,0.98203412,0.014239245,7363,5,"sample"
"17_0811_5",10633176.67,4.320176277,1598675,1552633,0.983032537,0.018592075,8660,5,"sample"
"17_0812_5",9756286.667,3.699393843,1101952,1062072,0.958565316,0.000643396,205,5,"sample"
"17_0813_5",14523276.67,8.77243934,2900414,2661664,0.980166858,0.010459623,8352,5,"sample"
"17_0814_5",12200315,4.758317123,1941388,1886795,0.981949187,0.018263774,10338,5,"sample"
"17_0815_5",12164120,6.89357722,1788620,1635652,0.958090238,0.009841132,4829,5,"sample"
"17_0816_5",16240593.33,12.600694,2195770,2031057,0.99009842,0.01852566,11288,5,"sample"
"17_0817_5",19863453.33,7.495632137,2310596,1921292,0.979578923,0.013883019,8002,5,"sample"
"17_0818_5",41874370,6.94831302,3116903,2759001,0.975319044,0.008388302,6943,5,"sample"
"17_0819_5",19373758.33,7.55036018,4325878,3751193,0.979318138,0.007035094,7917,5,"sample"
"17_0820_5",11416266.67,5.159904167,2742115,2237722,0.96082295,0.006323396,4245,5,"sample"
"17_0821_5",16864676.67,14.2040053,5297188,3205176,0.971137977,0.007679245,7384,5,"sample"
"17_0822_5",20570296.67,19.35682513,4800357,4115471,0.975158631,0.007010943,8656,5,"sample"
"17_0823_5",16350420,12.32735048,4107456,2686879,0.975334006,0.01006,8109,5,"sample"
"17_0824_5",24554593.33,16.62624654,4642843,3708820,0.977530711,0.012206038,13581,5,"sample"
"17_0825_5",16711205,16.53520461,3554768,2479560,0.979448992,0.014947547,11119,5,"sample"
"17_0826_5",2215115,8.754201867,2706729,1190965,0.937662921,0.004853208,1734,5,"sample"
"17_0827_5",24502800,8.644775437,1311895,1129927,0.979373265,0.017452453,5916,5,"sample"
"17_0828_5",26320716.67,6.765857587,2023693,1405118,0.971098031,0.009413208,3968,5,"sample"
"17_0829_5",32194315,7.933436953,2516271,2059736,0.985040018,0.022779623,14076,5,"sample"
"17_0830_5",30219066.67,13.1473353,7228954,6325493,0.972002358,0.008230189,15618,5,"sample"
"17_0831_5",32022945,10.39527693,6468055,5617421,0.978286976,0.005754717,9698,5,"sample"
"17_0901_5",32244926.67,10.59581214,7018119,5156906,0.981992791,0.010631698,16448,5,"sample"
"17_0902_5",19464390,8.69948899,4668638,3583282,0.981495224,0.011131321,11966,5,"sample"
"17_0903_5",16518508.33,9.10070103,3675574,2549173,0.968339104,0.010119623,7739,5,"sample"
"17_0904_5",21091560,20.81262145,5161150,2807887,0.96591501,0.008079623,6806,5,"sample"
"17_0905_5",32127113.33,11.32495818,12592324,10479545,0.693396226,0.000166038,522,5,"sample"
"17_0906_5",12612931.67,18.42857287,6493191,2683378,0.980208917,0.00962717,7750,5,"sample"
"17_0907_5",3187385,18.21013933,6490508,2953910,NA,0,0,5,"sample"
"17_0908_5",NA,21.75870933,6712950,3224442,0.975053131,0.00521434,5044,5,"sample"
"17_0909_5",4038545,17.5365839,6326480,1810028,0.976762796,0.017204151,9342,5,"sample"
"17_0910_5",4100658.333,21.43123298,7939761,3276256,0.969426878,0.004724906,4644,5,"sample"
"17_0911_5",50906510,28.95333908,7516654,4078933,0.929498452,0.003444528,2810,5,"sample"
"17_0912_5",64003872.5,29.69040011,9012482,5154993,0.982654737,0.008275472,8532,5,"sample"
"17_0913_5",5916310,25.89524733,8176462,5106098,0.92714449,0.000773585,790,5,"sample"
"17_0914_5",42614850,22.86336644,8846255,5746533,NA,0,4,5,"sample"
"17_0915_5",42879007.5,30.67305645,10980758,6386968,0.986975547,0.011153962,14248,5,"sample"
"17_0916_5",40457385,14.0339984,3707288,3127555,0.982557987,0.013179623,8244,5,"sample"
"17_0917_5",35301920,27.04215765,8100670,4383020,0.982078488,0.015009057,13157,5,"sample"
"17_0918_5",34136040,25.04861851,7488083,4543223,0.988816622,0.008204528,7455,5,"sample"
"17_0919_5",12715407.5,31.35539621,9154834,5281705,0.977766641,0.008417736,8892,5,"sample"
"17_0920_5",50734795,32.39245981,8329038,5557397,0.973779281,0.006826038,7587,5,"sample"
"17_0921_5",25878957.5,28.43463054,5040342,1977041,0.972225513,0.004446038,1758,5,"sample"
"17_0922_5",60278705,28.62573718,8331981,5973023,0.983958857,0.008504906,10160,5,"sample"
